race_id,Race,Total,For Dems,Against Dems,For Repubs,Against Repubs,state_abbr,district,has_dark_money_data
OH13,Ohio District 13,412584.0,218156.0,0.0,0.0,194428.0,OH,13,True
OH09,Ohio District 9,399740.0,199070.0,0.0,0.0,200670.0,OH,09,True
NY22,New York District 22,398660.0,198678.0,0.0,0.0,199982.0,NY,22,True
MI07,Michigan District 7,393552.0,393552.0,0.0,0.0,0.0,MI,07,True
NM02,New Mexico District 2,369701.0,0.0,0.0,0.0,369701.0,NM,02,True
NY18,New York District 18,324169.0,23761.0,0.0,0.0,300408.0,NY,18,True
PA07,Pennsylvania District 7,271811.0,112787.0,0.0,0.0,159024.0,PA,07,True
CA47,California District 47,160742.0,15255.0,0.0,0.0,145487.0,CA,47,True
CA45,California District 45,114440.0,89499.0,0.0,24941.0,0.0,CA,45,True
TX23,Texas District 23,100573.0,0.0,0.0,100573.0,0.0,TX,23,True
TX12,Texas District 12,91523.0,0.0,0.0,91523.0,0.0,TX,12,True
CO08,Colorado District 8,89604.0,66235.0,0.0,0.0,23369.0,CO,08,True
NY03,New York District 3,72619.0,64826.0,0.0,0.0,7793.0,NY,03,True
CA49,California District 49,71199.0,71199.0,0.0,0.0,0.0,CA,49,True
CA40,California District 40,66836.0,0.0,0.0,66836.0,0.0,CA,40,True
NV04,Nevada District 4,61404.0,59855.0,1549.0,0.0,0.0,NV,04,True
CA09,California District 9,58940.0,58940.0,0.0,0.0,0.0,CA,09,True
IA03,Iowa District 3,58033.0,0.0,0.0,0.0,58033.0,IA,03,True
CA41,California District 41,54237.0,0.0,0.0,54237.0,0.0,CA,41,True
CA27,California District 27,54019.0,0.0,0.0,54019.0,0.0,CA,27,True
NC08,North Carolina District 8,52903.0,0.0,0.0,52903.0,0.0,NC,08,True
MO01,Missouri District 1,51423.0,51423.0,0.0,0.0,0.0,MO,01,True
NC01,North Carolina District 1,47093.0,20802.0,0.0,26291.0,0.0,NC,01,True
TX34,Texas District 34,46345.0,20054.0,0.0,26291.0,0.0,TX,34,True
IL07,Illinois District 7,43269.0,43269.0,0.0,0.0,0.0,IL,07,True
GA13,Georgia District 13,40820.0,40820.0,0.0,0.0,0.0,GA,13,True
PA01,Pennsylvania District 1,37386.0,0.0,0.0,37386.0,0.0,PA,01,True
NE02,Nebraska District 2,36598.0,0.0,0.0,36598.0,0.0,NE,02,True
OR05,Oregon District 5,34875.0,0.0,0.0,34875.0,0.0,OR,05,True
NJ08,New Jersey District 8,34092.0,34092.0,0.0,0.0,0.0,NJ,08,True
OR03,Oregon District 3,33686.0,33686.0,0.0,0.0,0.0,OR,03,True
NJ09,New Jersey District 9,33521.0,33521.0,0.0,0.0,0.0,NJ,09,True
GA06,Georgia District 6,30973.0,30973.0,0.0,0.0,0.0,GA,06,True
FL15,Florida District 15,30452.0,0.0,0.0,30452.0,0.0,FL,15,True
NY01,New York District 1,30220.0,0.0,0.0,30220.0,0.0,NY,01,True
TX07,Texas District 7,27636.0,27636.0,0.0,0.0,0.0,TX,07,True
PA08,Pennsylvania District 8,27137.0,27137.0,0.0,0.0,0.0,PA,08,True
IA04,Iowa District 4,25088.0,0.0,0.0,25088.0,0.0,IA,04,True
CA22,California District 22,24470.0,0.0,0.0,24470.0,0.0,CA,22,True
IA01,Iowa District 1,24013.0,0.0,0.0,3893.0,20120.0,IA,01,True
NY04,New York District 4,23474.0,0.0,0.0,23474.0,0.0,NY,04,True
ME02,Maine District 2,23395.0,21846.0,1549.0,0.0,0.0,ME,02,True
TX32,Texas District 32,23227.0,23227.0,0.0,0.0,0.0,TX,32,True
OR01,Oregon District 1,22678.0,22678.0,0.0,0.0,0.0,OR,01,True
NY02,New York District 2,22367.0,0.0,0.0,22367.0,0.0,NY,02,True
TX24,Texas District 24,22337.0,0.0,0.0,22337.0,0.0,TX,24,True
FL11,Florida District 11,20830.0,0.0,0.0,20830.0,0.0,FL,11,True
OK04,Oklahoma District 4,20764.0,0.0,0.0,20764.0,0.0,OK,04,True
MO03,Missouri District 3,20584.0,0.0,0.0,20584.0,0.0,MO,03,True
NY17,New York District 17,19875.0,0.0,0.0,19875.0,0.0,NY,17,True
NC11,North Carolina District 11,19754.0,0.0,0.0,19754.0,0.0,NC,11,True
MN02,Minnesota District 2,19675.0,19675.0,0.0,0.0,0.0,MN,02,True
TX31,Texas District 31,19660.0,0.0,0.0,19660.0,0.0,TX,31,True
IL12,Illinois District 12,18688.0,0.0,0.0,18688.0,0.0,IL,12,True
TX19,Texas District 19,18526.0,0.0,0.0,18526.0,0.0,TX,19,True
NY19,New York District 19,17836.0,0.0,0.0,17836.0,0.0,NY,19,True
SC04,South Carolina District 4,17668.0,0.0,0.0,17668.0,0.0,SC,04,True
NE01,Nebraska District 1,16744.0,0.0,0.0,16744.0,0.0,NE,01,True
WI03,Wisconsin District 3,16284.0,16284.0,0.0,0.0,0.0,WI,03,True
WI05,Wisconsin District 5,14200.0,14200.0,0.0,0.0,0.0,WI,05,True
WI07,Wisconsin District 7,14200.0,14200.0,0.0,0.0,0.0,WI,07,True
WI01,Wisconsin District 1,14200.0,14200.0,0.0,0.0,0.0,WI,01,True
MI04,Michigan District 4,13878.0,0.0,0.0,13878.0,0.0,MI,04,True
WA03,Washington District 3,13149.0,13149.0,0.0,0.0,0.0,WA,03,True
WV02,West Virginia District 2,13115.0,0.0,0.0,13115.0,0.0,WV,02,True
MN07,Minnesota District 7,12276.0,0.0,0.0,12276.0,0.0,MN,07,True
TX15,Texas District 15,10414.0,0.0,0.0,10414.0,0.0,TX,15,True
WV01,West Virginia District 1,9711.0,0.0,0.0,9711.0,0.0,WV,01,True
MD05,Maryland District 5,9244.0,9244.0,0.0,0.0,0.0,MD,05,True
CO07,Colorado District 7,9205.0,9205.0,0.0,0.0,0.0,CO,07,True
NJ07,New Jersey District 7,9041.0,0.0,0.0,9041.0,0.0,NJ,07,True
OR04,Oregon District 4,8884.0,8884.0,0.0,0.0,0.0,OR,04,True
VA02,Virginia District 2,8771.0,0.0,0.0,8771.0,0.0,VA,02,True
IN01,Indiana District 1,8526.0,8526.0,0.0,0.0,0.0,IN,01,True
NE03,Nebraska District 3,8429.0,0.0,0.0,8429.0,0.0,NE,03,True
MD04,Maryland District 4,7700.0,7700.0,0.0,0.0,0.0,MD,04,True
DC00,District of Columbia District,7337.0,7337.0,0.0,0.0,0.0,DC,00,True
AZ03,Arizona District 3,7180.0,7180.0,0.0,0.0,0.0,AZ,03,True
AZ06,Arizona District 6,7180.0,7180.0,0.0,0.0,0.0,AZ,06,True
CA37,California District 37,7075.0,7075.0,0.0,0.0,0.0,CA,37,True
OR06,Oregon District 6,6856.0,6856.0,0.0,0.0,0.0,OR,06,True
PA04,Pennsylvania District 4,6785.0,6785.0,0.0,0.0,0.0,PA,04,True
OH01,Ohio District 1,6650.0,6650.0,0.0,0.0,0.0,OH,01,True
PA03,Pennsylvania District 3,6588.0,6588.0,0.0,0.0,0.0,PA,03,True
TX25,Texas District 25,6560.0,0.0,0.0,6560.0,0.0,TX,25,True
NC14,North Carolina District 14,6370.0,0.0,0.0,6370.0,0.0,NC,14,True
TX33,Texas District 33,5978.0,5978.0,0.0,0.0,0.0,TX,33,True
TX37,Texas District 37,5978.0,5978.0,0.0,0.0,0.0,TX,37,True
TX02,Texas District 2,5872.0,0.0,0.0,5872.0,0.0,TX,02,True
GA11,Georgia District 11,5551.0,0.0,0.0,5551.0,0.0,GA,11,True
OR02,Oregon District 2,3646.0,0.0,0.0,3646.0,0.0,OR,02,True
MN01,Minnesota District 1,1965.0,1965.0,0.0,0.0,0.0,MN,01,True
MN08,Minnesota District 8,1965.0,1965.0,0.0,0.0,0.0,MN,08,True
MN03,Minnesota District 3,1965.0,1965.0,0.0,0.0,0.0,MN,03,True
MN04,Minnesota District 4,1965.0,1965.0,0.0,0.0,0.0,MN,04,True
MN05,Minnesota District 5,1965.0,1965.0,0.0,0.0,0.0,MN,05,True
MN06,Minnesota District 6,1965.0,1965.0,0.0,0.0,0.0,MN,06,True
NV03,Nevada District 3,1549.0,0.0,1549.0,0.0,0.0,NV,03,True
NM01,New Mexico District 1,1319.0,1319.0,0.0,0.0,0.0,NM,01,True
